{"v":"5.9.4","fr":30,"ip":0,"op":61,"w":500,"h":500,"nm":"Pay_Now","ddd":0,"assets":[],"layers":[{"ddd":0,"ind":1,"ty":4,"nm":"Check","sr":1,"ks":{"o":{"a":0,"k":100,"ix":11},"r":{"a":0,"k":0,"ix":10},"p":{"a":0,"k":[280.425,280.051,0],"ix":2,"l":2},"a":{"a":0,"k":[280.425,280.051,0],"ix":1,"l":2},"s":{"k":[{"s":[0,0,100],"t":6,"i":{"x":[1,1,1],"y":[1,1,1]},"o":{"x":[0,0,0],"y":[0,0,0]}},{"s":[7.678,7.678,100],"t":7,"i":{"x":[1,1,1],"y":[1,1,1]},"o":{"x":[0,0,0],"y":[0,0,0]}},{"s":[25.248,25.248,100],"t":8,"i":{"x":[1,1,1],"y":[1,1,1]},"o":{"x":[0,0,0],"y":[0,0,0]}},{"s":[48.393,48.393,100],"t":9,"i":{"x":[1,1,1],"y":[1,1,1]},"o":{"x":[0,0,0],"y":[0,0,0]}},{"s":[74.611,74.611,100],"t":10,"i":{"x":[1,1,1],"y":[1,1,1]},"o":{"x":[0,0,0],"y":[0,0,0]}},{"s":[100,100,100],"t":11,"i":{"x":[1,1,1],"y":[1,1,1]},"o":{"x":[0,0,0],"y":[0,0,0]}},{"s":[115.194,115.194,100],"t":12,"i":{"x":[1,1,1],"y":[1,1,1]},"o":{"x":[0,0,0],"y":[0,0,0]}},{"s":[123.915,123.915,100],"t":13,"i":{"x":[1,1,1],"y":[1,1,1]},"o":{"x":[0,0,0],"y":[0,0,0]}},{"s":[127.459,127.459,100],"t":14,"i":{"x":[1,1,1],"y":[1,1,1]},"o":{"x":[0,0,0],"y":[0,0,0]}},{"s":[127.19,127.19,100],"t":15,"i":{"x":[1,1,1],"y":[1,1,1]},"o":{"x":[0,0,0],"y":[0,0,0]}},{"s":[124.392,124.392,100],"t":16,"i":{"x":[1,1,1],"y":[1,1,1]},"o":{"x":[0,0,0],"y":[0,0,0]}},{"s":[120.167,120.167,100],"t":17,"i":{"x":[1,1,1],"y":[1,1,1]},"o":{"x":[0,0,0],"y":[0,0,0]}},{"s":[115.394,115.394,100],"t":18,"i":{"x":[1,1,1],"y":[1,1,1]},"o":{"x":[0,0,0],"y":[0,0,0]}},{"s":[110.711,110.711,100],"t":19,"i":{"x":[1,1,1],"y":[1,1,1]},"o":{"x":[0,0,0],"y":[0,0,0]}},{"s":[106.541,106.541,100],"t":20,"i":{"x":[1,1,1],"y":[1,1,1]},"o":{"x":[0,0,0],"y":[0,0,0]}},{"s":[103.116,103.116,100],"t":21,"i":{"x":[1,1,1],"y":[1,1,1]},"o":{"x":[0,0,0],"y":[0,0,0]}},{"s":[100.52,100.52,100],"t":22,"i":{"x":[1,1,1],"y":[1,1,1]},"o":{"x":[0,0,0],"y":[0,0,0]}},{"s":[98.73,98.73,100],"t":23,"i":{"x":[1,1,1],"y":[1,1,1]},"o":{"x":[0,0,0],"y":[0,0,0]}},{"s":[97.652,97.652,100],"t":24,"i":{"x":[1,1,1],"y":[1,1,1]},"o":{"x":[0,0,0],"y":[0,0,0]}},{"s":[97.156,97.156,100],"t":25,"i":{"x":[1,1,1],"y":[1,1,1]},"o":{"x":[0,0,0],"y":[0,0,0]}},{"s":[97.097,97.097,100],"t":26,"i":{"x":[1,1,1],"y":[1,1,1]},"o":{"x":[0,0,0],"y":[0,0,0]}},{"s":[97.337,97.337,100],"t":27,"i":{"x":[1,1,1],"y":[1,1,1]},"o":{"x":[0,0,0],"y":[0,0,0]}},{"s":[97.754,97.754,100],"t":28,"i":{"x":[1,1,1],"y":[1,1,1]},"o":{"x":[0,0,0],"y":[0,0,0]}},{"s":[98.25,98.25,100],"t":29,"i":{"x":[1,1,1],"y":[1,1,1]},"o":{"x":[0,0,0],"y":[0,0,0]}},{"s":[98.751,98.751,100],"t":30,"i":{"x":[1,1,1],"y":[1,1,1]},"o":{"x":[0,0,0],"y":[0,0,0]}},{"s":[99.207,99.207,100],"t":31,"i":{"x":[1,1,1],"y":[1,1,1]},"o":{"x":[0,0,0],"y":[0,0,0]}},{"s":[99.589,99.589,100],"t":32,"i":{"x":[1,1,1],"y":[1,1,1]},"o":{"x":[0,0,0],"y":[0,0,0]}},{"s":[99.885,99.885,100],"t":33,"i":{"x":[1,1,1],"y":[1,1,1]},"o":{"x":[0,0,0],"y":[0,0,0]}},{"s":[100.094,100.094,100],"t":34,"i":{"x":[1,1,1],"y":[1,1,1]},"o":{"x":[0,0,0],"y":[0,0,0]}},{"s":[100.225,100.225,100],"t":35,"i":{"x":[1,1,1],"y":[1,1,1]},"o":{"x":[0,0,0],"y":[0,0,0]}},{"s":[100.145,100.145,100],"t":41,"i":{"x":[1,1,1],"y":[1,1,1]},"o":{"x":[0,0,0],"y":[0,0,0]}},{"s":[100.053,100.053,100],"t":43,"i":{"x":[1,1,1],"y":[1,1,1]},"o":{"x":[0,0,0],"y":[0,0,0]}}],"l":2}},"ao":0,"ef":[{"ty":5,"nm":"Elastic Controller","np":5,"mn":"Pseudo/MDS Elastic Controller","ix":1,"en":1,"ef":[{"ty":0,"nm":"Amplitude","mn":"Pseudo/MDS Elastic Controller-0001","ix":1,"v":{"a":0,"k":20,"ix":1}},{"ty":0,"nm":"Frequency","mn":"Pseudo/MDS Elastic Controller-0002","ix":2,"v":{"a":0,"k":40,"ix":2}},{"ty":0,"nm":"Decay","mn":"Pseudo/MDS Elastic Controller-0003","ix":3,"v":{"a":0,"k":60,"ix":3}}]}],"shapes":[{"ty":"gr","it":[{"ind":0,"ty":"sh","ix":1,"ks":{"a":0,"k":{"i":[[0,0],[0,0],[0,0]],"o":[[0,0],[0,0],[0,0]],"v":[[-23.103,-1.615],[-6.831,14.657],[23.103,-14.657]],"c":false},"ix":2},"nm":"Path 1","mn":"ADBE Vector Shape - Group","hd":false},{"ty":"st","c":{"a":0,"k":[1,1,1,1],"ix":3},"o":{"a":0,"k":100,"ix":4},"w":{"a":0,"k":10.216,"ix":5},"lc":1,"lj":1,"ml":10,"bm":0,"nm":"Stroke 1","mn":"ADBE Vector Graphic - Stroke","hd":false},{"ty":"tr","p":{"a":0,"k":[281.295,280.051],"ix":2},"a":{"a":0,"k":[0,0],"ix":1},"s":{"a":0,"k":[100,100],"ix":3},"r":{"a":0,"k":0,"ix":6},"o":{"a":0,"k":100,"ix":7},"sk":{"a":0,"k":0,"ix":4},"sa":{"a":0,"k":0,"ix":5},"nm":"Transform"}],"nm":"Check","np":2,"cix":2,"bm":0,"ix":1,"mn":"ADBE Vector Group","hd":false},{"ty":"gr","it":[{"d":1,"ty":"el","s":{"a":0,"k":[95.392,95.392],"ix":2},"p":{"a":0,"k":[0,0],"ix":3},"nm":"Ellipse Path 1","mn":"ADBE Vector Shape - Ellipse","hd":false},{"ty":"fl","c":{"a":0,"k":[0.117647066303,0.796078491211,0.482352971096,1],"ix":4},"o":{"a":0,"k":100,"ix":5},"r":1,"bm":0,"nm":"Fill 1","mn":"ADBE Vector Graphic - Fill","hd":false},{"ty":"tr","p":{"a":0,"k":[280.425,280.051],"ix":2},"a":{"a":0,"k":[0,0],"ix":1},"s":{"a":0,"k":[100,100],"ix":3},"r":{"a":0,"k":0,"ix":6},"o":{"a":0,"k":100,"ix":7},"sk":{"a":0,"k":0,"ix":4},"sa":{"a":0,"k":0,"ix":5},"nm":"Transform"}],"nm":"Check Circle","np":2,"cix":2,"bm":0,"ix":2,"mn":"ADBE Vector Group","hd":false}],"ip":6,"op":306,"st":6,"ct":1,"bm":0},{"ddd":0,"ind":2,"ty":4,"nm":"Phone","sr":1,"ks":{"o":{"a":0,"k":100,"ix":11},"r":{"a":0,"k":0,"ix":10},"p":{"a":0,"k":[219.812,311.351,0],"ix":2,"l":2},"a":{"a":0,"k":[219.812,311.351,0],"ix":1,"l":2},"s":{"k":[{"s":[0,0,100],"t":4,"i":{"x":[1,1,1],"y":[1,1,1]},"o":{"x":[0,0,0],"y":[0,0,0]}},{"s":[7.678,7.678,100],"t":5,"i":{"x":[1,1,1],"y":[1,1,1]},"o":{"x":[0,0,0],"y":[0,0,0]}},{"s":[25.248,25.248,100],"t":6,"i":{"x":[1,1,1],"y":[1,1,1]},"o":{"x":[0,0,0],"y":[0,0,0]}},{"s":[48.393,48.393,100],"t":7,"i":{"x":[1,1,1],"y":[1,1,1]},"o":{"x":[0,0,0],"y":[0,0,0]}},{"s":[74.611,74.611,100],"t":8,"i":{"x":[1,1,1],"y":[1,1,1]},"o":{"x":[0,0,0],"y":[0,0,0]}},{"s":[100,100,100],"t":9,"i":{"x":[1,1,1],"y":[1,1,1]},"o":{"x":[0,0,0],"y":[0,0,0]}},{"s":[115.194,115.194,100],"t":10,"i":{"x":[1,1,1],"y":[1,1,1]},"o":{"x":[0,0,0],"y":[0,0,0]}},{"s":[123.915,123.915,100],"t":11,"i":{"x":[1,1,1],"y":[1,1,1]},"o":{"x":[0,0,0],"y":[0,0,0]}},{"s":[127.459,127.459,100],"t":12,"i":{"x":[1,1,1],"y":[1,1,1]},"o":{"x":[0,0,0],"y":[0,0,0]}},{"s":[127.19,127.19,100],"t":13,"i":{"x":[1,1,1],"y":[1,1,1]},"o":{"x":[0,0,0],"y":[0,0,0]}},{"s":[124.392,124.392,100],"t":14,"i":{"x":[1,1,1],"y":[1,1,1]},"o":{"x":[0,0,0],"y":[0,0,0]}},{"s":[120.167,120.167,100],"t":15,"i":{"x":[1,1,1],"y":[1,1,1]},"o":{"x":[0,0,0],"y":[0,0,0]}},{"s":[115.394,115.394,100],"t":16,"i":{"x":[1,1,1],"y":[1,1,1]},"o":{"x":[0,0,0],"y":[0,0,0]}},{"s":[110.711,110.711,100],"t":17,"i":{"x":[1,1,1],"y":[1,1,1]},"o":{"x":[0,0,0],"y":[0,0,0]}},{"s":[106.541,106.541,100],"t":18,"i":{"x":[1,1,1],"y":[1,1,1]},"o":{"x":[0,0,0],"y":[0,0,0]}},{"s":[103.116,103.116,100],"t":19,"i":{"x":[1,1,1],"y":[1,1,1]},"o":{"x":[0,0,0],"y":[0,0,0]}},{"s":[100.52,100.52,100],"t":20,"i":{"x":[1,1,1],"y":[1,1,1]},"o":{"x":[0,0,0],"y":[0,0,0]}},{"s":[98.73,98.73,100],"t":21,"i":{"x":[1,1,1],"y":[1,1,1]},"o":{"x":[0,0,0],"y":[0,0,0]}},{"s":[97.652,97.652,100],"t":22,"i":{"x":[1,1,1],"y":[1,1,1]},"o":{"x":[0,0,0],"y":[0,0,0]}},{"s":[97.156,97.156,100],"t":23,"i":{"x":[1,1,1],"y":[1,1,1]},"o":{"x":[0,0,0],"y":[0,0,0]}},{"s":[97.097,97.097,100],"t":24,"i":{"x":[1,1,1],"y":[1,1,1]},"o":{"x":[0,0,0],"y":[0,0,0]}},{"s":[97.337,97.337,100],"t":25,"i":{"x":[1,1,1],"y":[1,1,1]},"o":{"x":[0,0,0],"y":[0,0,0]}},{"s":[97.754,97.754,100],"t":26,"i":{"x":[1,1,1],"y":[1,1,1]},"o":{"x":[0,0,0],"y":[0,0,0]}},{"s":[98.25,98.25,100],"t":27,"i":{"x":[1,1,1],"y":[1,1,1]},"o":{"x":[0,0,0],"y":[0,0,0]}},{"s":[98.751,98.751,100],"t":28,"i":{"x":[1,1,1],"y":[1,1,1]},"o":{"x":[0,0,0],"y":[0,0,0]}},{"s":[99.207,99.207,100],"t":29,"i":{"x":[1,1,1],"y":[1,1,1]},"o":{"x":[0,0,0],"y":[0,0,0]}},{"s":[99.589,99.589,100],"t":30,"i":{"x":[1,1,1],"y":[1,1,1]},"o":{"x":[0,0,0],"y":[0,0,0]}},{"s":[99.885,99.885,100],"t":31,"i":{"x":[1,1,1],"y":[1,1,1]},"o":{"x":[0,0,0],"y":[0,0,0]}},{"s":[100.094,100.094,100],"t":32,"i":{"x":[1,1,1],"y":[1,1,1]},"o":{"x":[0,0,0],"y":[0,0,0]}},{"s":[100.225,100.225,100],"t":33,"i":{"x":[1,1,1],"y":[1,1,1]},"o":{"x":[0,0,0],"y":[0,0,0]}},{"s":[100.145,100.145,100],"t":39,"i":{"x":[1,1,1],"y":[1,1,1]},"o":{"x":[0,0,0],"y":[0,0,0]}},{"s":[100.053,100.053,100],"t":41,"i":{"x":[1,1,1],"y":[1,1,1]},"o":{"x":[0,0,0],"y":[0,0,0]}}],"l":2}},"ao":0,"ef":[{"ty":5,"nm":"Elastic Controller","np":5,"mn":"Pseudo/MDS Elastic Controller","ix":1,"en":1,"ef":[{"ty":0,"nm":"Amplitude","mn":"Pseudo/MDS Elastic Controller-0001","ix":1,"v":{"a":0,"k":20,"ix":1}},{"ty":0,"nm":"Frequency","mn":"Pseudo/MDS Elastic Controller-0002","ix":2,"v":{"a":0,"k":40,"ix":2}},{"ty":0,"nm":"Decay","mn":"Pseudo/MDS Elastic Controller-0003","ix":3,"v":{"a":0,"k":60,"ix":3}}]}],"shapes":[{"ty":"gr","it":[{"ind":0,"ty":"sh","ix":1,"ks":{"a":0,"k":{"i":[[4.982,0],[0,0],[0,4.982],[0,0],[-4.982,0],[0,0],[0,-4.982],[0,0]],"o":[[0,0],[-4.982,0],[0,0],[0,-4.982],[0,0],[4.982,0],[0,0],[0,4.982]],"v":[[32.713,58.129],[-32.713,58.129],[-41.734,49.108],[-41.734,-49.108],[-32.713,-58.129],[32.713,-58.129],[41.734,-49.108],[41.734,49.108]],"c":true},"ix":2},"nm":"Path 1","mn":"ADBE Vector Shape - Group","hd":false},{"ty":"fl","c":{"a":0,"k":[1,0.737254917622,0.501960813999,1],"ix":4},"o":{"a":0,"k":100,"ix":5},"r":1,"bm":0,"nm":"Fill 1","mn":"ADBE Vector Graphic - Fill","hd":false},{"ty":"tr","p":{"a":0,"k":[219.812,218.941],"ix":2},"a":{"a":0,"k":[0,0],"ix":1},"s":{"a":0,"k":[100,100],"ix":3},"r":{"a":0,"k":0,"ix":6},"o":{"a":0,"k":100,"ix":7},"sk":{"a":0,"k":0,"ix":4},"sa":{"a":0,"k":0,"ix":5},"nm":"Transform"}],"nm":"Group 1","np":2,"cix":2,"bm":0,"ix":1,"mn":"ADBE Vector Group","hd":false},{"ty":"gr","it":[{"d":1,"ty":"el","s":{"a":0,"k":[18.88,18.88],"ix":2},"p":{"a":0,"k":[0,0],"ix":3},"nm":"Ellipse Path 1","mn":"ADBE Vector Shape - Ellipse","hd":false},{"ty":"fl","c":{"a":0,"k":[1,1,1,1],"ix":4},"o":{"a":0,"k":100,"ix":5},"r":1,"bm":0,"nm":"Fill 1","mn":"ADBE Vector Graphic - Fill","hd":false},{"ty":"tr","p":{"a":0,"k":[219.812,294.708],"ix":2},"a":{"a":0,"k":[0,0],"ix":1},"s":{"a":0,"k":[100,100],"ix":3},"r":{"a":0,"k":0,"ix":6},"o":{"a":0,"k":100,"ix":7},"sk":{"a":0,"k":0,"ix":4},"sa":{"a":0,"k":0,"ix":5},"nm":"Transform"}],"nm":"Group 2","np":2,"cix":2,"bm":0,"ix":2,"mn":"ADBE Vector Group","hd":false},{"ty":"gr","it":[{"ind":0,"ty":"sh","ix":1,"ks":{"a":0,"k":{"i":[[6.585,0],[0,0],[0,6.585],[0,0],[-6.585,0],[0,0],[0,-6.585],[0,0]],"o":[[0,0],[-6.585,0],[0,0],[0,-6.585],[0,0],[6.585,0],[0,0],[0,6.585]],"v":[[38.256,84.462],[-38.256,84.462],[-50.18,72.538],[-50.18,-72.538],[-38.256,-84.462],[38.256,-84.462],[50.18,-72.538],[50.18,72.538]],"c":true},"ix":2},"nm":"Path 1","mn":"ADBE Vector Shape - Group","hd":false},{"ty":"fl","c":{"a":0,"k":[1,0.600000023842,0.20000000298,1],"ix":4},"o":{"a":0,"k":100,"ix":5},"r":1,"bm":0,"nm":"Fill 1","mn":"ADBE Vector Graphic - Fill","hd":false},{"ty":"tr","p":{"a":0,"k":[219.812,226.89],"ix":2},"a":{"a":0,"k":[0,0],"ix":1},"s":{"a":0,"k":[100,100],"ix":3},"r":{"a":0,"k":0,"ix":6},"o":{"a":0,"k":100,"ix":7},"sk":{"a":0,"k":0,"ix":4},"sa":{"a":0,"k":0,"ix":5},"nm":"Transform"}],"nm":"Group 3","np":2,"cix":2,"bm":0,"ix":3,"mn":"ADBE Vector Group","hd":false}],"ip":4,"op":304,"st":4,"ct":1,"bm":0},{"ddd":0,"ind":3,"ty":4,"nm":"Rectangle","sr":1,"ks":{"o":{"a":0,"k":100,"ix":11},"r":{"a":0,"k":0,"ix":10},"p":{"a":0,"k":[242.541,255.895,0],"ix":2,"l":2},"a":{"a":0,"k":[0,0,0],"ix":1,"l":2},"s":{"k":[{"s":[0,0,100],"t":2,"i":{"x":[1,1,1],"y":[1,1,1]},"o":{"x":[0,0,0],"y":[0,0,0]}},{"s":[7.678,7.678,100],"t":3,"i":{"x":[1,1,1],"y":[1,1,1]},"o":{"x":[0,0,0],"y":[0,0,0]}},{"s":[25.248,25.248,100],"t":4,"i":{"x":[1,1,1],"y":[1,1,1]},"o":{"x":[0,0,0],"y":[0,0,0]}},{"s":[48.393,48.393,100],"t":5,"i":{"x":[1,1,1],"y":[1,1,1]},"o":{"x":[0,0,0],"y":[0,0,0]}},{"s":[74.611,74.611,100],"t":6,"i":{"x":[1,1,1],"y":[1,1,1]},"o":{"x":[0,0,0],"y":[0,0,0]}},{"s":[100,100,100],"t":7,"i":{"x":[1,1,1],"y":[1,1,1]},"o":{"x":[0,0,0],"y":[0,0,0]}},{"s":[115.194,115.194,100],"t":8,"i":{"x":[1,1,1],"y":[1,1,1]},"o":{"x":[0,0,0],"y":[0,0,0]}},{"s":[123.915,123.915,100],"t":9,"i":{"x":[1,1,1],"y":[1,1,1]},"o":{"x":[0,0,0],"y":[0,0,0]}},{"s":[127.459,127.459,100],"t":10,"i":{"x":[1,1,1],"y":[1,1,1]},"o":{"x":[0,0,0],"y":[0,0,0]}},{"s":[127.19,127.19,100],"t":11,"i":{"x":[1,1,1],"y":[1,1,1]},"o":{"x":[0,0,0],"y":[0,0,0]}},{"s":[124.392,124.392,100],"t":12,"i":{"x":[1,1,1],"y":[1,1,1]},"o":{"x":[0,0,0],"y":[0,0,0]}},{"s":[120.167,120.167,100],"t":13,"i":{"x":[1,1,1],"y":[1,1,1]},"o":{"x":[0,0,0],"y":[0,0,0]}},{"s":[115.394,115.394,100],"t":14,"i":{"x":[1,1,1],"y":[1,1,1]},"o":{"x":[0,0,0],"y":[0,0,0]}},{"s":[110.711,110.711,100],"t":15,"i":{"x":[1,1,1],"y":[1,1,1]},"o":{"x":[0,0,0],"y":[0,0,0]}},{"s":[106.541,106.541,100],"t":16,"i":{"x":[1,1,1],"y":[1,1,1]},"o":{"x":[0,0,0],"y":[0,0,0]}},{"s":[103.116,103.116,100],"t":17,"i":{"x":[1,1,1],"y":[1,1,1]},"o":{"x":[0,0,0],"y":[0,0,0]}},{"s":[100.52,100.52,100],"t":18,"i":{"x":[1,1,1],"y":[1,1,1]},"o":{"x":[0,0,0],"y":[0,0,0]}},{"s":[98.73,98.73,100],"t":19,"i":{"x":[1,1,1],"y":[1,1,1]},"o":{"x":[0,0,0],"y":[0,0,0]}},{"s":[97.652,97.652,100],"t":20,"i":{"x":[1,1,1],"y":[1,1,1]},"o":{"x":[0,0,0],"y":[0,0,0]}},{"s":[97.156,97.156,100],"t":21,"i":{"x":[1,1,1],"y":[1,1,1]},"o":{"x":[0,0,0],"y":[0,0,0]}},{"s":[97.097,97.097,100],"t":22,"i":{"x":[1,1,1],"y":[1,1,1]},"o":{"x":[0,0,0],"y":[0,0,0]}},{"s":[97.337,97.337,100],"t":23,"i":{"x":[1,1,1],"y":[1,1,1]},"o":{"x":[0,0,0],"y":[0,0,0]}},{"s":[97.754,97.754,100],"t":24,"i":{"x":[1,1,1],"y":[1,1,1]},"o":{"x":[0,0,0],"y":[0,0,0]}},{"s":[98.25,98.25,100],"t":25,"i":{"x":[1,1,1],"y":[1,1,1]},"o":{"x":[0,0,0],"y":[0,0,0]}},{"s":[98.751,98.751,100],"t":26,"i":{"x":[1,1,1],"y":[1,1,1]},"o":{"x":[0,0,0],"y":[0,0,0]}},{"s":[99.207,99.207,100],"t":27,"i":{"x":[1,1,1],"y":[1,1,1]},"o":{"x":[0,0,0],"y":[0,0,0]}},{"s":[99.589,99.589,100],"t":28,"i":{"x":[1,1,1],"y":[1,1,1]},"o":{"x":[0,0,0],"y":[0,0,0]}},{"s":[99.885,99.885,100],"t":29,"i":{"x":[1,1,1],"y":[1,1,1]},"o":{"x":[0,0,0],"y":[0,0,0]}},{"s":[100.094,100.094,100],"t":30,"i":{"x":[1,1,1],"y":[1,1,1]},"o":{"x":[0,0,0],"y":[0,0,0]}},{"s":[100.225,100.225,100],"t":31,"i":{"x":[1,1,1],"y":[1,1,1]},"o":{"x":[0,0,0],"y":[0,0,0]}},{"s":[100.145,100.145,100],"t":37,"i":{"x":[1,1,1],"y":[1,1,1]},"o":{"x":[0,0,0],"y":[0,0,0]}},{"s":[100.053,100.053,100],"t":39,"i":{"x":[1,1,1],"y":[1,1,1]},"o":{"x":[0,0,0],"y":[0,0,0]}}],"l":2}},"ao":0,"ef":[{"ty":5,"nm":"Elastic Controller","np":5,"mn":"Pseudo/MDS Elastic Controller","ix":1,"en":1,"ef":[{"ty":0,"nm":"Amplitude","mn":"Pseudo/MDS Elastic Controller-0001","ix":1,"v":{"a":0,"k":20,"ix":1}},{"ty":0,"nm":"Frequency","mn":"Pseudo/MDS Elastic Controller-0002","ix":2,"v":{"a":0,"k":40,"ix":2}},{"ty":0,"nm":"Decay","mn":"Pseudo/MDS Elastic Controller-0003","ix":3,"v":{"a":0,"k":60,"ix":3}}]}],"shapes":[{"ty":"gr","it":[{"ind":0,"ty":"sh","ix":1,"ks":{"a":0,"k":{"i":[[17.434,0],[0,0],[0,-17.434],[0,0],[-17.434,0],[0,0],[0,17.434],[0,0]],"o":[[0,0],[-17.434,0],[0,0],[0,17.434],[0,0],[17.434,0],[0,0],[0,-17.434]],"v":[[68.84,-86.058],[-68.84,-86.058],[-100.407,-54.492],[-100.407,54.492],[-68.84,86.058],[68.84,86.058],[100.407,54.492],[100.407,-54.492]],"c":true},"ix":2},"nm":"Path 1","mn":"ADBE Vector Shape - Group","hd":false},{"ty":"st","c":{"a":0,"k":[0.509803950787,0.509803950787,0.992156863213,1],"ix":3},"o":{"a":0,"k":100,"ix":4},"w":{"a":0,"k":4.378,"ix":5},"lc":1,"lj":1,"ml":10,"bm":0,"nm":"Stroke 1","mn":"ADBE Vector Graphic - Stroke","hd":false},{"ty":"fl","c":{"a":0,"k":[1,1,1,1],"ix":4},"o":{"a":0,"k":100,"ix":5},"r":1,"bm":0,"nm":"Fill 1","mn":"ADBE Vector Graphic - Fill","hd":false},{"ty":"tr","p":{"a":0,"k":[0,0],"ix":2},"a":{"a":0,"k":[0,0],"ix":1},"s":{"a":0,"k":[100,100],"ix":3},"r":{"a":0,"k":0,"ix":6},"o":{"a":0,"k":100,"ix":7},"sk":{"a":0,"k":0,"ix":4},"sa":{"a":0,"k":0,"ix":5},"nm":"Transform"}],"nm":"Rectangle","np":3,"cix":2,"bm":0,"ix":1,"mn":"ADBE Vector Group","hd":false}],"ip":2,"op":302,"st":2,"ct":1,"bm":0},{"ddd":0,"ind":4,"ty":4,"nm":"practical 5","sr":1,"ks":{"o":{"a":1,"k":[{"i":{"x":[0.833],"y":[0.833]},"o":{"x":[0.167],"y":[0.167]},"t":0,"s":[0]},{"t":5,"s":[100]}],"ix":11},"r":{"a":0,"k":0,"ix":10},"p":{"k":[{"s":[250,250,0],"t":0,"i":{"x":1,"y":1},"o":{"x":0,"y":0}},{"s":[238.578,252.9,0],"t":1,"i":{"x":1,"y":1},"o":{"x":0,"y":0}},{"s":[212.46,259.532,0],"t":2,"i":{"x":1,"y":1},"o":{"x":0,"y":0}},{"s":[178.048,268.269,0],"t":3,"i":{"x":1,"y":1},"o":{"x":0,"y":0}},{"s":[139.066,278.167,0],"t":4,"i":{"x":1,"y":1},"o":{"x":0,"y":0}},{"s":[101.317,287.752,0],"t":5,"i":{"x":1,"y":1},"o":{"x":0,"y":0}},{"s":[78.695,293.496,0],"t":6,"i":{"x":1,"y":1},"o":{"x":0,"y":0}},{"s":[65.709,296.793,0],"t":7,"i":{"x":1,"y":1},"o":{"x":0,"y":0}},{"s":[60.433,298.133,0],"t":8,"i":{"x":1,"y":1},"o":{"x":0,"y":0}},{"s":[60.833,298.031,0],"t":9,"i":{"x":1,"y":1},"o":{"x":0,"y":0}},{"s":[64.999,296.973,0],"t":10,"i":{"x":1,"y":1},"o":{"x":0,"y":0}},{"s":[71.289,295.376,0],"t":11,"i":{"x":1,"y":1},"o":{"x":0,"y":0}},{"s":[78.397,293.571,0],"t":12,"i":{"x":1,"y":1},"o":{"x":0,"y":0}},{"s":[85.368,291.801,0],"t":13,"i":{"x":1,"y":1},"o":{"x":0,"y":0}},{"s":[91.577,290.225,0],"t":14,"i":{"x":1,"y":1},"o":{"x":0,"y":0}},{"s":[96.677,288.93,0],"t":15,"i":{"x":1,"y":1},"o":{"x":0,"y":0}},{"s":[100.542,287.949,0],"t":16,"i":{"x":1,"y":1},"o":{"x":0,"y":0}},{"s":[103.208,287.272,0],"t":17,"i":{"x":1,"y":1},"o":{"x":0,"y":0}},{"s":[104.812,286.864,0],"t":18,"i":{"x":1,"y":1},"o":{"x":0,"y":0}},{"s":[105.551,286.677,0],"t":19,"i":{"x":1,"y":1},"o":{"x":0,"y":0}},{"s":[105.639,286.654,0],"t":20,"i":{"x":1,"y":1},"o":{"x":0,"y":0}},{"s":[105.282,286.745,0],"t":21,"i":{"x":1,"y":1},"o":{"x":0,"y":0}},{"s":[104.66,286.903,0],"t":22,"i":{"x":1,"y":1},"o":{"x":0,"y":0}},{"s":[103.922,287.09,0],"t":23,"i":{"x":1,"y":1},"o":{"x":0,"y":0}},{"s":[103.176,287.28,0],"t":24,"i":{"x":1,"y":1},"o":{"x":0,"y":0}},{"s":[102.497,287.452,0],"t":25,"i":{"x":1,"y":1},"o":{"x":0,"y":0}},{"s":[101.928,287.597,0],"t":26,"i":{"x":1,"y":1},"o":{"x":0,"y":0}},{"s":[101.488,287.708,0],"t":27,"i":{"x":1,"y":1},"o":{"x":0,"y":0}},{"s":[101.177,287.788,0],"t":28,"i":{"x":1,"y":1},"o":{"x":0,"y":0}},{"s":[100.981,287.837,0],"t":29,"i":{"x":1,"y":1},"o":{"x":0,"y":0}},{"s":[100.883,287.862,0],"t":30,"i":{"x":1,"y":1},"o":{"x":0,"y":0}},{"s":[100.946,287.846,0],"t":33,"i":{"x":1,"y":1},"o":{"x":0,"y":0}},{"s":[101.022,287.827,0],"t":34,"i":{"x":1,"y":1},"o":{"x":0,"y":0}},{"s":[101.102,287.807,0],"t":35,"i":{"x":1,"y":1},"o":{"x":0,"y":0}},{"s":[101.176,287.788,0],"t":36,"i":{"x":1,"y":1},"o":{"x":0,"y":0}},{"s":[101.239,287.772,0],"t":37,"i":{"x":1,"y":1},"o":{"x":0,"y":0}},{"s":[101.325,287.75,0],"t":39,"i":{"x":1,"y":1},"o":{"x":0,"y":0}}],"l":2},"a":{"a":0,"k":[0,0,0],"ix":1,"l":2},"s":{"a":0,"k":[100,100,100],"ix":6,"l":2}},"ao":0,"ef":[{"ty":5,"nm":"Elastic Controller","np":5,"mn":"Pseudo/MDS Elastic Controller","ix":1,"en":1,"ef":[{"ty":0,"nm":"Amplitude","mn":"Pseudo/MDS Elastic Controller-0001","ix":1,"v":{"a":0,"k":20,"ix":1}},{"ty":0,"nm":"Frequency","mn":"Pseudo/MDS Elastic Controller-0002","ix":2,"v":{"a":0,"k":40,"ix":2}},{"ty":0,"nm":"Decay","mn":"Pseudo/MDS Elastic Controller-0003","ix":3,"v":{"a":0,"k":60,"ix":3}}]}],"shapes":[{"ty":"gr","it":[{"d":1,"ty":"el","s":{"a":0,"k":[15.402,15.402],"ix":2},"p":{"a":0,"k":[0,0],"ix":3},"nm":"Ellipse Path 1","mn":"ADBE Vector Shape - Ellipse","hd":false},{"ty":"fl","c":{"a":0,"k":[0.705882370472,0.909803926945,0.827450990677,1],"ix":4},"o":{"a":0,"k":100,"ix":5},"r":1,"bm":0,"nm":"Fill 1","mn":"ADBE Vector Graphic - Fill","hd":false},{"ty":"tr","p":{"a":0,"k":[0,0],"ix":2},"a":{"a":0,"k":[0,0],"ix":1},"s":{"a":0,"k":[100,100],"ix":3},"r":{"a":0,"k":0,"ix":6},"o":{"a":0,"k":100,"ix":7},"sk":{"a":0,"k":0,"ix":4},"sa":{"a":0,"k":0,"ix":5},"nm":"Transform"}],"nm":"practical","np":2,"cix":2,"bm":0,"ix":1,"mn":"ADBE Vector Group","hd":false}],"ip":0,"op":300,"st":0,"ct":1,"bm":0},{"ddd":0,"ind":5,"ty":4,"nm":"practical 4","sr":1,"ks":{"o":{"a":1,"k":[{"i":{"x":[0.833],"y":[0.833]},"o":{"x":[0.167],"y":[0.167]},"t":2,"s":[0]},{"t":7,"s":[100]}],"ix":11},"r":{"a":0,"k":0,"ix":10},"p":{"k":[{"s":[250,250,0],"t":2,"i":{"x":1,"y":1},"o":{"x":0,"y":0}},{"s":[256.003,259.049,0],"t":3,"i":{"x":1,"y":1},"o":{"x":0,"y":0}},{"s":[269.725,279.736,0],"t":4,"i":{"x":1,"y":1},"o":{"x":0,"y":0}},{"s":[287.805,306.994,0],"t":5,"i":{"x":1,"y":1},"o":{"x":0,"y":0}},{"s":[308.287,337.872,0],"t":6,"i":{"x":1,"y":1},"o":{"x":0,"y":0}},{"s":[328.121,367.773,0],"t":7,"i":{"x":1,"y":1},"o":{"x":0,"y":0}},{"s":[340.008,385.692,0],"t":8,"i":{"x":1,"y":1},"o":{"x":0,"y":0}},{"s":[346.831,395.979,0],"t":9,"i":{"x":1,"y":1},"o":{"x":0,"y":0}},{"s":[349.603,400.158,0],"t":10,"i":{"x":1,"y":1},"o":{"x":0,"y":0}},{"s":[349.392,399.841,0],"t":11,"i":{"x":1,"y":1},"o":{"x":0,"y":0}},{"s":[347.203,396.541,0],"t":12,"i":{"x":1,"y":1},"o":{"x":0,"y":0}},{"s":[343.898,391.558,0],"t":13,"i":{"x":1,"y":1},"o":{"x":0,"y":0}},{"s":[340.164,385.928,0],"t":14,"i":{"x":1,"y":1},"o":{"x":0,"y":0}},{"s":[336.501,380.406,0],"t":15,"i":{"x":1,"y":1},"o":{"x":0,"y":0}},{"s":[333.239,375.488,0],"t":16,"i":{"x":1,"y":1},"o":{"x":0,"y":0}},{"s":[330.559,371.449,0],"t":17,"i":{"x":1,"y":1},"o":{"x":0,"y":0}},{"s":[328.528,368.387,0],"t":18,"i":{"x":1,"y":1},"o":{"x":0,"y":0}},{"s":[327.128,366.275,0],"t":19,"i":{"x":1,"y":1},"o":{"x":0,"y":0}},{"s":[326.285,365.004,0],"t":20,"i":{"x":1,"y":1},"o":{"x":0,"y":0}},{"s":[325.896,364.419,0],"t":21,"i":{"x":1,"y":1},"o":{"x":0,"y":0}},{"s":[326.038,364.633,0],"t":23,"i":{"x":1,"y":1},"o":{"x":0,"y":0}},{"s":[326.365,365.125,0],"t":24,"i":{"x":1,"y":1},"o":{"x":0,"y":0}},{"s":[326.753,365.71,0],"t":25,"i":{"x":1,"y":1},"o":{"x":0,"y":0}},{"s":[327.144,366.3,0],"t":26,"i":{"x":1,"y":1},"o":{"x":0,"y":0}},{"s":[327.501,366.838,0],"t":27,"i":{"x":1,"y":1},"o":{"x":0,"y":0}},{"s":[327.8,367.289,0],"t":28,"i":{"x":1,"y":1},"o":{"x":0,"y":0}},{"s":[328.031,367.637,0],"t":29,"i":{"x":1,"y":1},"o":{"x":0,"y":0}},{"s":[328.195,367.884,0],"t":30,"i":{"x":1,"y":1},"o":{"x":0,"y":0}}],"l":2},"a":{"a":0,"k":[0,0,0],"ix":1,"l":2},"s":{"a":0,"k":[100,100,100],"ix":6,"l":2}},"ao":0,"ef":[{"ty":5,"nm":"Elastic Controller","np":5,"mn":"Pseudo/MDS Elastic Controller","ix":1,"en":1,"ef":[{"ty":0,"nm":"Amplitude","mn":"Pseudo/MDS Elastic Controller-0001","ix":1,"v":{"a":0,"k":20,"ix":1}},{"ty":0,"nm":"Frequency","mn":"Pseudo/MDS Elastic Controller-0002","ix":2,"v":{"a":0,"k":40,"ix":2}},{"ty":0,"nm":"Decay","mn":"Pseudo/MDS Elastic Controller-0003","ix":3,"v":{"a":0,"k":60,"ix":3}}]}],"shapes":[{"ty":"gr","it":[{"d":1,"ty":"el","s":{"a":0,"k":[10.93,10.93],"ix":2},"p":{"a":0,"k":[0,0],"ix":3},"nm":"Ellipse Path 1","mn":"ADBE Vector Shape - Ellipse","hd":false},{"ty":"fl","c":{"a":0,"k":[0.980392158031,0.866666674614,0.75686275959,1],"ix":4},"o":{"a":0,"k":100,"ix":5},"r":1,"bm":0,"nm":"Fill 1","mn":"ADBE Vector Graphic - Fill","hd":false},{"ty":"tr","p":{"a":0,"k":[0,0],"ix":2},"a":{"a":0,"k":[0,0],"ix":1},"s":{"a":0,"k":[100,100],"ix":3},"r":{"a":0,"k":0,"ix":6},"o":{"a":0,"k":100,"ix":7},"sk":{"a":0,"k":0,"ix":4},"sa":{"a":0,"k":0,"ix":5},"nm":"Transform"}],"nm":"practical","np":2,"cix":2,"bm":0,"ix":1,"mn":"ADBE Vector Group","hd":false}],"ip":2,"op":302,"st":2,"ct":1,"bm":0},{"ddd":0,"ind":6,"ty":4,"nm":"practical 3","sr":1,"ks":{"o":{"a":1,"k":[{"i":{"x":[0.833],"y":[0.833]},"o":{"x":[0.167],"y":[0.167]},"t":4,"s":[0]},{"t":9,"s":[100]}],"ix":11},"r":{"a":0,"k":0,"ix":10},"p":{"k":[{"s":[250,250,0],"t":4,"i":{"x":1,"y":1},"o":{"x":0,"y":0}},{"s":[260.895,247.156,0],"t":5,"i":{"x":1,"y":1},"o":{"x":0,"y":0}},{"s":[285.807,240.653,0],"t":6,"i":{"x":1,"y":1},"o":{"x":0,"y":0}},{"s":[318.632,232.084,0],"t":7,"i":{"x":1,"y":1},"o":{"x":0,"y":0}},{"s":[355.814,222.378,0],"t":8,"i":{"x":1,"y":1},"o":{"x":0,"y":0}},{"s":[391.822,212.979,0],"t":9,"i":{"x":1,"y":1},"o":{"x":0,"y":0}},{"s":[413.4,207.346,0],"t":10,"i":{"x":1,"y":1},"o":{"x":0,"y":0}},{"s":[425.787,204.112,0],"t":11,"i":{"x":1,"y":1},"o":{"x":0,"y":0}},{"s":[430.819,202.798,0],"t":12,"i":{"x":1,"y":1},"o":{"x":0,"y":0}},{"s":[430.438,202.898,0],"t":13,"i":{"x":1,"y":1},"o":{"x":0,"y":0}},{"s":[426.463,203.936,0],"t":14,"i":{"x":1,"y":1},"o":{"x":0,"y":0}},{"s":[420.464,205.502,0],"t":15,"i":{"x":1,"y":1},"o":{"x":0,"y":0}},{"s":[413.684,207.272,0],"t":16,"i":{"x":1,"y":1},"o":{"x":0,"y":0}},{"s":[407.034,209.007,0],"t":17,"i":{"x":1,"y":1},"o":{"x":0,"y":0}},{"s":[401.112,210.553,0],"t":18,"i":{"x":1,"y":1},"o":{"x":0,"y":0}},{"s":[396.248,211.823,0],"t":19,"i":{"x":1,"y":1},"o":{"x":0,"y":0}},{"s":[392.561,212.786,0],"t":20,"i":{"x":1,"y":1},"o":{"x":0,"y":0}},{"s":[390.018,213.449,0],"t":21,"i":{"x":1,"y":1},"o":{"x":0,"y":0}},{"s":[388.488,213.849,0],"t":22,"i":{"x":1,"y":1},"o":{"x":0,"y":0}},{"s":[387.783,214.033,0],"t":23,"i":{"x":1,"y":1},"o":{"x":0,"y":0}},{"s":[388.04,213.966,0],"t":25,"i":{"x":1,"y":1},"o":{"x":0,"y":0}},{"s":[388.633,213.811,0],"t":26,"i":{"x":1,"y":1},"o":{"x":0,"y":0}},{"s":[389.337,213.627,0],"t":27,"i":{"x":1,"y":1},"o":{"x":0,"y":0}},{"s":[390.048,213.441,0],"t":28,"i":{"x":1,"y":1},"o":{"x":0,"y":0}},{"s":[390.696,213.272,0],"t":29,"i":{"x":1,"y":1},"o":{"x":0,"y":0}},{"s":[391.238,213.131,0],"t":30,"i":{"x":1,"y":1},"o":{"x":0,"y":0}},{"s":[391.658,213.021,0],"t":31,"i":{"x":1,"y":1},"o":{"x":0,"y":0}},{"s":[391.955,212.944,0],"t":32,"i":{"x":1,"y":1},"o":{"x":0,"y":0}}],"l":2},"a":{"a":0,"k":[0,0,0],"ix":1,"l":2},"s":{"a":0,"k":[100,100,100],"ix":6,"l":2}},"ao":0,"ef":[{"ty":5,"nm":"Elastic Controller","np":5,"mn":"Pseudo/MDS Elastic Controller","ix":1,"en":1,"ef":[{"ty":0,"nm":"Amplitude","mn":"Pseudo/MDS Elastic Controller-0001","ix":1,"v":{"a":0,"k":20,"ix":1}},{"ty":0,"nm":"Frequency","mn":"Pseudo/MDS Elastic Controller-0002","ix":2,"v":{"a":0,"k":40,"ix":2}},{"ty":0,"nm":"Decay","mn":"Pseudo/MDS Elastic Controller-0003","ix":3,"v":{"a":0,"k":60,"ix":3}}]}],"shapes":[{"ty":"gr","it":[{"d":1,"ty":"el","s":{"a":0,"k":[27.823,27.823],"ix":2},"p":{"a":0,"k":[0,0],"ix":3},"nm":"Ellipse Path 1","mn":"ADBE Vector Shape - Ellipse","hd":false},{"ty":"fl","c":{"a":0,"k":[1,0.600000023842,0.20000000298,1],"ix":4},"o":{"a":0,"k":100,"ix":5},"r":1,"bm":0,"nm":"Fill 1","mn":"ADBE Vector Graphic - Fill","hd":false},{"ty":"tr","p":{"a":0,"k":[0,0],"ix":2},"a":{"a":0,"k":[0,0],"ix":1},"s":{"a":0,"k":[100,100],"ix":3},"r":{"a":0,"k":0,"ix":6},"o":{"a":0,"k":100,"ix":7},"sk":{"a":0,"k":0,"ix":4},"sa":{"a":0,"k":0,"ix":5},"nm":"Transform"}],"nm":"practical","np":2,"cix":2,"bm":0,"ix":1,"mn":"ADBE Vector Group","hd":false}],"ip":4,"op":304,"st":4,"ct":1,"bm":0},{"ddd":0,"ind":7,"ty":4,"nm":"practical 2","sr":1,"ks":{"o":{"a":1,"k":[{"i":{"x":[0.833],"y":[0.833]},"o":{"x":[0.167],"y":[0.167]},"t":6,"s":[0]},{"t":11,"s":[100]}],"ix":11},"r":{"a":0,"k":0,"ix":10},"p":{"k":[{"s":[250,250,0],"t":6,"i":{"x":1,"y":1},"o":{"x":0,"y":0}},{"s":[252.471,241.548,0],"t":7,"i":{"x":1,"y":1},"o":{"x":0,"y":0}},{"s":[258.121,222.221,0],"t":8,"i":{"x":1,"y":1},"o":{"x":0,"y":0}},{"s":[265.565,196.756,0],"t":9,"i":{"x":1,"y":1},"o":{"x":0,"y":0}},{"s":[273.998,167.909,0],"t":10,"i":{"x":1,"y":1},"o":{"x":0,"y":0}},{"s":[282.164,139.975,0],"t":11,"i":{"x":1,"y":1},"o":{"x":0,"y":0}},{"s":[287.058,123.235,0],"t":12,"i":{"x":1,"y":1},"o":{"x":0,"y":0}},{"s":[289.867,113.625,0],"t":13,"i":{"x":1,"y":1},"o":{"x":0,"y":0}},{"s":[291.009,109.721,0],"t":14,"i":{"x":1,"y":1},"o":{"x":0,"y":0}},{"s":[290.922,110.017,0],"t":15,"i":{"x":1,"y":1},"o":{"x":0,"y":0}},{"s":[290.021,113.1,0],"t":16,"i":{"x":1,"y":1},"o":{"x":0,"y":0}},{"s":[288.66,117.755,0],"t":17,"i":{"x":1,"y":1},"o":{"x":0,"y":0}},{"s":[287.122,123.014,0],"t":18,"i":{"x":1,"y":1},"o":{"x":0,"y":0}},{"s":[285.614,128.173,0],"t":19,"i":{"x":1,"y":1},"o":{"x":0,"y":0}},{"s":[284.271,132.768,0],"t":20,"i":{"x":1,"y":1},"o":{"x":0,"y":0}},{"s":[283.168,136.541,0],"t":21,"i":{"x":1,"y":1},"o":{"x":0,"y":0}},{"s":[282.332,139.402,0],"t":22,"i":{"x":1,"y":1},"o":{"x":0,"y":0}},{"s":[281.755,141.374,0],"t":23,"i":{"x":1,"y":1},"o":{"x":0,"y":0}},{"s":[281.408,142.562,0],"t":24,"i":{"x":1,"y":1},"o":{"x":0,"y":0}},{"s":[281.248,143.109,0],"t":25,"i":{"x":1,"y":1},"o":{"x":0,"y":0}},{"s":[281.229,143.174,0],"t":26,"i":{"x":1,"y":1},"o":{"x":0,"y":0}},{"s":[281.307,142.909,0],"t":27,"i":{"x":1,"y":1},"o":{"x":0,"y":0}},{"s":[281.441,142.449,0],"t":28,"i":{"x":1,"y":1},"o":{"x":0,"y":0}},{"s":[281.601,141.903,0],"t":29,"i":{"x":1,"y":1},"o":{"x":0,"y":0}},{"s":[281.762,141.351,0],"t":30,"i":{"x":1,"y":1},"o":{"x":0,"y":0}},{"s":[281.909,140.848,0],"t":31,"i":{"x":1,"y":1},"o":{"x":0,"y":0}},{"s":[282.032,140.428,0],"t":32,"i":{"x":1,"y":1},"o":{"x":0,"y":0}},{"s":[282.127,140.102,0],"t":33,"i":{"x":1,"y":1},"o":{"x":0,"y":0}},{"s":[282.195,139.871,0],"t":34,"i":{"x":1,"y":1},"o":{"x":0,"y":0}},{"s":[282.237,139.727,0],"t":35,"i":{"x":1,"y":1},"o":{"x":0,"y":0}},{"s":[282.211,139.816,0],"t":41,"i":{"x":1,"y":1},"o":{"x":0,"y":0}},{"s":[282.17,139.954,0],"t":44,"i":{"x":1,"y":1},"o":{"x":0,"y":0}}],"l":2},"a":{"a":0,"k":[0,0,0],"ix":1,"l":2},"s":{"a":0,"k":[100,100,100],"ix":6,"l":2}},"ao":0,"ef":[{"ty":5,"nm":"Elastic Controller","np":5,"mn":"Pseudo/MDS Elastic Controller","ix":1,"en":1,"ef":[{"ty":0,"nm":"Amplitude","mn":"Pseudo/MDS Elastic Controller-0001","ix":1,"v":{"a":0,"k":20,"ix":1}},{"ty":0,"nm":"Frequency","mn":"Pseudo/MDS Elastic Controller-0002","ix":2,"v":{"a":0,"k":40,"ix":2}},{"ty":0,"nm":"Decay","mn":"Pseudo/MDS Elastic Controller-0003","ix":3,"v":{"a":0,"k":60,"ix":3}}]}],"shapes":[{"ty":"gr","it":[{"d":1,"ty":"el","s":{"a":0,"k":[11.924,8.446],"ix":2},"p":{"a":0,"k":[0,0],"ix":3},"nm":"Ellipse Path 1","mn":"ADBE Vector Shape - Ellipse","hd":false},{"ty":"fl","c":{"a":0,"k":[0.749019622803,0.858823537827,0.964705884457,1],"ix":4},"o":{"a":0,"k":100,"ix":5},"r":1,"bm":0,"nm":"Fill 1","mn":"ADBE Vector Graphic - Fill","hd":false},{"ty":"tr","p":{"a":0,"k":[0,0],"ix":2},"a":{"a":0,"k":[0,0],"ix":1},"s":{"a":0,"k":[100,100],"ix":3},"r":{"a":0,"k":0,"ix":6},"o":{"a":0,"k":100,"ix":7},"sk":{"a":0,"k":0,"ix":4},"sa":{"a":0,"k":0,"ix":5},"nm":"Transform"}],"nm":"practical","np":2,"cix":2,"bm":0,"ix":1,"mn":"ADBE Vector Group","hd":false}],"ip":6,"op":306,"st":6,"ct":1,"bm":0},{"ddd":0,"ind":8,"ty":4,"nm":"practical","sr":1,"ks":{"o":{"a":1,"k":[{"i":{"x":[0.833],"y":[0.833]},"o":{"x":[0.167],"y":[0.167]},"t":8,"s":[0]},{"t":13,"s":[100]}],"ix":11},"r":{"a":0,"k":0,"ix":10},"p":{"k":[{"s":[250,250,0],"t":8,"i":{"x":1,"y":1},"o":{"x":0,"y":0}},{"s":[241.381,240.821,0],"t":9,"i":{"x":1,"y":1},"o":{"x":0,"y":0}},{"s":[221.68,219.837,0],"t":10,"i":{"x":1,"y":1},"o":{"x":0,"y":0}},{"s":[195.72,192.188,0],"t":11,"i":{"x":1,"y":1},"o":{"x":0,"y":0}},{"s":[166.312,160.866,0],"t":12,"i":{"x":1,"y":1},"o":{"x":0,"y":0}},{"s":[137.834,130.535,0],"t":13,"i":{"x":1,"y":1},"o":{"x":0,"y":0}},{"s":[120.768,112.358,0],"t":14,"i":{"x":1,"y":1},"o":{"x":0,"y":0}},{"s":[110.971,101.924,0],"t":15,"i":{"x":1,"y":1},"o":{"x":0,"y":0}},{"s":[106.991,97.685,0],"t":16,"i":{"x":1,"y":1},"o":{"x":0,"y":0}},{"s":[107.293,98.007,0],"t":17,"i":{"x":1,"y":1},"o":{"x":0,"y":0}},{"s":[110.436,101.355,0],"t":18,"i":{"x":1,"y":1},"o":{"x":0,"y":0}},{"s":[115.182,106.409,0],"t":19,"i":{"x":1,"y":1},"o":{"x":0,"y":0}},{"s":[120.544,112.119,0],"t":20,"i":{"x":1,"y":1},"o":{"x":0,"y":0}},{"s":[125.803,117.721,0],"t":21,"i":{"x":1,"y":1},"o":{"x":0,"y":0}},{"s":[130.487,122.709,0],"t":22,"i":{"x":1,"y":1},"o":{"x":0,"y":0}},{"s":[134.334,126.807,0],"t":23,"i":{"x":1,"y":1},"o":{"x":0,"y":0}},{"s":[137.25,129.913,0],"t":24,"i":{"x":1,"y":1},"o":{"x":0,"y":0}},{"s":[139.261,132.054,0],"t":25,"i":{"x":1,"y":1},"o":{"x":0,"y":0}},{"s":[140.471,133.344,0],"t":26,"i":{"x":1,"y":1},"o":{"x":0,"y":0}},{"s":[141.029,133.938,0],"t":27,"i":{"x":1,"y":1},"o":{"x":0,"y":0}},{"s":[141.095,134.008,0],"t":28,"i":{"x":1,"y":1},"o":{"x":0,"y":0}},{"s":[140.825,133.721,0],"t":29,"i":{"x":1,"y":1},"o":{"x":0,"y":0}},{"s":[140.356,133.222,0],"t":30,"i":{"x":1,"y":1},"o":{"x":0,"y":0}},{"s":[139.799,132.628,0],"t":31,"i":{"x":1,"y":1},"o":{"x":0,"y":0}},{"s":[139.237,132.029,0],"t":32,"i":{"x":1,"y":1},"o":{"x":0,"y":0}},{"s":[138.725,131.484,0],"t":33,"i":{"x":1,"y":1},"o":{"x":0,"y":0}},{"s":[138.295,131.027,0],"t":34,"i":{"x":1,"y":1},"o":{"x":0,"y":0}},{"s":[137.963,130.673,0],"t":35,"i":{"x":1,"y":1},"o":{"x":0,"y":0}},{"s":[137.728,130.423,0],"t":36,"i":{"x":1,"y":1},"o":{"x":0,"y":0}},{"s":[137.581,130.266,0],"t":37,"i":{"x":1,"y":1},"o":{"x":0,"y":0}},{"s":[137.672,130.362,0],"t":43,"i":{"x":1,"y":1},"o":{"x":0,"y":0}},{"s":[137.775,130.472,0],"t":45,"i":{"x":1,"y":1},"o":{"x":0,"y":0}}],"l":2},"a":{"a":0,"k":[0,0,0],"ix":1,"l":2},"s":{"a":0,"k":[100,100,100],"ix":6,"l":2}},"ao":0,"ef":[{"ty":5,"nm":"Elastic Controller","np":5,"mn":"Pseudo/MDS Elastic Controller","ix":1,"en":1,"ef":[{"ty":0,"nm":"Amplitude","mn":"Pseudo/MDS Elastic Controller-0001","ix":1,"v":{"a":0,"k":20,"ix":1}},{"ty":0,"nm":"Frequency","mn":"Pseudo/MDS Elastic Controller-0002","ix":2,"v":{"a":0,"k":40,"ix":2}},{"ty":0,"nm":"Decay","mn":"Pseudo/MDS Elastic Controller-0003","ix":3,"v":{"a":0,"k":60,"ix":3}}]}],"shapes":[{"ty":"gr","it":[{"d":1,"ty":"el","s":{"a":0,"k":[27.326,27.326],"ix":2},"p":{"a":0,"k":[0,0],"ix":3},"nm":"Ellipse Path 1","mn":"ADBE Vector Shape - Ellipse","hd":false},{"ty":"fl","c":{"a":0,"k":[0.117647059262,0.796078443527,0.482352942228,1],"ix":4},"o":{"a":0,"k":100,"ix":5},"r":1,"bm":0,"nm":"Fill 1","mn":"ADBE Vector Graphic - Fill","hd":false},{"ty":"tr","p":{"a":0,"k":[0,0],"ix":2},"a":{"a":0,"k":[0,0],"ix":1},"s":{"a":0,"k":[100,100],"ix":3},"r":{"a":0,"k":0,"ix":6},"o":{"a":0,"k":100,"ix":7},"sk":{"a":0,"k":0,"ix":4},"sa":{"a":0,"k":0,"ix":5},"nm":"Transform"}],"nm":"practical","np":2,"cix":2,"bm":0,"ix":1,"mn":"ADBE Vector Group","hd":false}],"ip":8,"op":308,"st":8,"ct":1,"bm":0},{"ddd":0,"ind":9,"ty":4,"nm":"Bg","sr":1,"ks":{"o":{"a":0,"k":100,"ix":11},"r":{"a":0,"k":0,"ix":10},"p":{"a":0,"k":[251.762,247.806,0],"ix":2,"l":2},"a":{"a":0,"k":[0,0,0],"ix":1,"l":2},"s":{"k":[{"s":[0,0,100],"t":0,"i":{"x":[1,1,1],"y":[1,1,1]},"o":{"x":[0,0,0],"y":[0,0,0]}},{"s":[7.678,7.678,100],"t":1,"i":{"x":[1,1,1],"y":[1,1,1]},"o":{"x":[0,0,0],"y":[0,0,0]}},{"s":[25.248,25.248,100],"t":2,"i":{"x":[1,1,1],"y":[1,1,1]},"o":{"x":[0,0,0],"y":[0,0,0]}},{"s":[48.393,48.393,100],"t":3,"i":{"x":[1,1,1],"y":[1,1,1]},"o":{"x":[0,0,0],"y":[0,0,0]}},{"s":[74.611,74.611,100],"t":4,"i":{"x":[1,1,1],"y":[1,1,1]},"o":{"x":[0,0,0],"y":[0,0,0]}},{"s":[100,100,100],"t":5,"i":{"x":[1,1,1],"y":[1,1,1]},"o":{"x":[0,0,0],"y":[0,0,0]}},{"s":[115.194,115.194,100],"t":6,"i":{"x":[1,1,1],"y":[1,1,1]},"o":{"x":[0,0,0],"y":[0,0,0]}},{"s":[123.915,123.915,100],"t":7,"i":{"x":[1,1,1],"y":[1,1,1]},"o":{"x":[0,0,0],"y":[0,0,0]}},{"s":[127.459,127.459,100],"t":8,"i":{"x":[1,1,1],"y":[1,1,1]},"o":{"x":[0,0,0],"y":[0,0,0]}},{"s":[127.19,127.19,100],"t":9,"i":{"x":[1,1,1],"y":[1,1,1]},"o":{"x":[0,0,0],"y":[0,0,0]}},{"s":[124.392,124.392,100],"t":10,"i":{"x":[1,1,1],"y":[1,1,1]},"o":{"x":[0,0,0],"y":[0,0,0]}},{"s":[120.167,120.167,100],"t":11,"i":{"x":[1,1,1],"y":[1,1,1]},"o":{"x":[0,0,0],"y":[0,0,0]}},{"s":[115.394,115.394,100],"t":12,"i":{"x":[1,1,1],"y":[1,1,1]},"o":{"x":[0,0,0],"y":[0,0,0]}},{"s":[110.711,110.711,100],"t":13,"i":{"x":[1,1,1],"y":[1,1,1]},"o":{"x":[0,0,0],"y":[0,0,0]}},{"s":[106.541,106.541,100],"t":14,"i":{"x":[1,1,1],"y":[1,1,1]},"o":{"x":[0,0,0],"y":[0,0,0]}},{"s":[103.116,103.116,100],"t":15,"i":{"x":[1,1,1],"y":[1,1,1]},"o":{"x":[0,0,0],"y":[0,0,0]}},{"s":[100.52,100.52,100],"t":16,"i":{"x":[1,1,1],"y":[1,1,1]},"o":{"x":[0,0,0],"y":[0,0,0]}},{"s":[98.73,98.73,100],"t":17,"i":{"x":[1,1,1],"y":[1,1,1]},"o":{"x":[0,0,0],"y":[0,0,0]}},{"s":[97.652,97.652,100],"t":18,"i":{"x":[1,1,1],"y":[1,1,1]},"o":{"x":[0,0,0],"y":[0,0,0]}},{"s":[97.156,97.156,100],"t":19,"i":{"x":[1,1,1],"y":[1,1,1]},"o":{"x":[0,0,0],"y":[0,0,0]}},{"s":[97.097,97.097,100],"t":20,"i":{"x":[1,1,1],"y":[1,1,1]},"o":{"x":[0,0,0],"y":[0,0,0]}},{"s":[97.337,97.337,100],"t":21,"i":{"x":[1,1,1],"y":[1,1,1]},"o":{"x":[0,0,0],"y":[0,0,0]}},{"s":[97.754,97.754,100],"t":22,"i":{"x":[1,1,1],"y":[1,1,1]},"o":{"x":[0,0,0],"y":[0,0,0]}},{"s":[98.25,98.25,100],"t":23,"i":{"x":[1,1,1],"y":[1,1,1]},"o":{"x":[0,0,0],"y":[0,0,0]}},{"s":[98.751,98.751,100],"t":24,"i":{"x":[1,1,1],"y":[1,1,1]},"o":{"x":[0,0,0],"y":[0,0,0]}},{"s":[99.207,99.207,100],"t":25,"i":{"x":[1,1,1],"y":[1,1,1]},"o":{"x":[0,0,0],"y":[0,0,0]}},{"s":[99.589,99.589,100],"t":26,"i":{"x":[1,1,1],"y":[1,1,1]},"o":{"x":[0,0,0],"y":[0,0,0]}},{"s":[99.885,99.885,100],"t":27,"i":{"x":[1,1,1],"y":[1,1,1]},"o":{"x":[0,0,0],"y":[0,0,0]}},{"s":[100.094,100.094,100],"t":28,"i":{"x":[1,1,1],"y":[1,1,1]},"o":{"x":[0,0,0],"y":[0,0,0]}},{"s":[100.225,100.225,100],"t":29,"i":{"x":[1,1,1],"y":[1,1,1]},"o":{"x":[0,0,0],"y":[0,0,0]}},{"s":[100.145,100.145,100],"t":35,"i":{"x":[1,1,1],"y":[1,1,1]},"o":{"x":[0,0,0],"y":[0,0,0]}},{"s":[100.053,100.053,100],"t":37,"i":{"x":[1,1,1],"y":[1,1,1]},"o":{"x":[0,0,0],"y":[0,0,0]}}],"l":2}},"ao":0,"ef":[{"ty":5,"nm":"Elastic Controller","np":5,"mn":"Pseudo/MDS Elastic Controller","ix":1,"en":1,"ef":[{"ty":0,"nm":"Amplitude","mn":"Pseudo/MDS Elastic Controller-0001","ix":1,"v":{"a":0,"k":20,"ix":1}},{"ty":0,"nm":"Frequency","mn":"Pseudo/MDS Elastic Controller-0002","ix":2,"v":{"a":0,"k":40,"ix":2}},{"ty":0,"nm":"Decay","mn":"Pseudo/MDS Elastic Controller-0003","ix":3,"v":{"a":0,"k":60,"ix":3}}]}],"shapes":[{"ty":"gr","it":[{"ind":0,"ty":"sh","ix":1,"ks":{"a":0,"k":{"i":[[-9.208,8.831],[-23.848,3.975],[-39.747,-26.332],[-7.452,-14.905],[30.307,-23.848],[62.104,15.402],[12.421,50.18]],"o":[[0,0],[23.848,-3.975],[39.747,26.332],[7.452,14.905],[-30.307,23.848],[-62.104,-15.402],[-12.421,-50.18]],"v":[[-104.222,-94.19],[-54.042,-126.484],[34.891,-98.661],[134.755,-8.734],[115.875,79.702],[-26.716,123.92],[-137.51,20.082]],"c":true},"ix":2},"nm":"Path 1","mn":"ADBE Vector Shape - Group","hd":false},{"ty":"fl","c":{"a":0,"k":[0.901960790157,0.917647063732,0.972549021244,1],"ix":4},"o":{"a":0,"k":100,"ix":5},"r":1,"bm":0,"nm":"Fill 1","mn":"ADBE Vector Graphic - Fill","hd":false},{"ty":"tr","p":{"a":0,"k":[0,0],"ix":2},"a":{"a":0,"k":[0,0],"ix":1},"s":{"a":0,"k":[100,100],"ix":3},"r":{"a":0,"k":0,"ix":6},"o":{"a":0,"k":100,"ix":7},"sk":{"a":0,"k":0,"ix":4},"sa":{"a":0,"k":0,"ix":5},"nm":"Transform"}],"nm":"Bg","np":2,"cix":2,"bm":0,"ix":1,"mn":"ADBE Vector Group","hd":false}],"ip":0,"op":300,"st":0,"ct":1,"bm":0}],"markers":[]}